Logistic Regression,Random Forest,K-Nearest Neighbors,Support Vector Machine
0.9492649428760396,0.9584784019321073,0.8844801494476867,0.9594405199251819
0.9429796402561292,0.9851182758141193,0.9686344097727737,0.9802877451492226
0.9685231739757137,0.9644390964421531,0.9462790085367245,0.9678205802131303
0.8969189609474514,0.9981376704807203,0.9886238209963094,0.9606039573410088
0.9772833605873149,0.9984200619982484,0.980924466128393,0.9790095769896201
0.8355242032715182,0.9599361886203047,0.8980610107261358,0.926937908324106
